,Car_Name,Company,Year,Kms_Driven,Fuel_Type,Price
0, Hyundai Santro Xing,Hyundai,2007,45000,Petrol,80000
1, Mahindra Jeep CL550,Mahindra,2006,40,Diesel,425000
3, Hyundai Grand i10,Hyundai,2014,28000,Petrol,325000
4, Ford EcoSport Titanium,Ford,2014,36000,Diesel,575000
6, Ford Figo,Ford,2012,41000,Diesel,175000
7, Hyundai Eon,Hyundai,2013,25000,Petrol,190000
8, Ford EcoSport Ambiente,Ford,2016,24530,Diesel,830000
9, Maruti Suzuki Alto,Maruti,2015,60000,Petrol,250000
10, Skoda Fabia Classic,Skoda,2010,60000,Petrol,182000
11, Maruti Suzuki Stingray,Maruti,2015,30000,Petrol,315000
12, Hyundai Elite i20,Hyundai,2014,32000,Petrol,415000
13, Mahindra Scorpio SLE,Mahindra,2015,48660,Diesel,320000
14, Hyundai Santro Xing,Hyundai,2007,45000,Petrol,80000
15, Mahindra Jeep CL550,Mahindra,2006,40,Diesel,425000
16, Audi A8,Audi,2017,4000,Petrol,1000000
17, Audi Q7,Audi,2014,16934,Diesel,500000
18, Mahindra Scorpio S10,Mahindra,2016,43000,Diesel,350000
19, Maruti Suzuki Alto,Maruti,2014,35550,Petrol,160000
20, Mahindra Scorpio S10,Mahindra,2016,43000,Diesel,350000
21, Mahindra Scorpio S10,Mahindra,2016,39522,Diesel,310000
22, Maruti Suzuki Alto,Maruti,2015,39000,Petrol,75000
23, Hyundai i20 Sportz,Hyundai,2012,55000,Petrol,100000
24, Hyundai i20 Sportz,Hyundai,2012,55000,Petrol,100000
25, Hyundai i20 Sportz,Hyundai,2012,55000,Petrol,100000
26, Maruti Suzuki Alto,Maruti,2017,72000,Petrol,190000
27, Maruti Suzuki Vitara,Maruti,2016,15975,Diesel,290000
28, Maruti Suzuki Alto,Maruti,2008,70000,Petrol,95000
29, Mahindra Bolero DI,Mahindra,2017,23452,Diesel,180000
30, Maruti Suzuki Swift,Maruti,2014,35522,Diesel,385000
31, Mahindra Scorpio S10,Mahindra,2015,48508,Diesel,250000
32, Maruti Suzuki Swift,Maruti,2017,15487,Petrol,180000
33, Maruti Suzuki Wagon,Maruti,2013,39000,Petrol,105000
34, Maruti Suzuki Wagon,Maruti,2013,39000,Petrol,105000
35, Toyota Innova 2.0,Toyota,2012,82000,Diesel,650000
36, Renault Lodgy 85,Renault,2018,20000,Diesel,689999
37, Skoda Yeti Ambition,Skoda,2012,68000,Diesel,448000
38, Maruti Suzuki Baleno,Maruti,2017,32000,Diesel,549000
39, Renault Duster 110,Renault,2012,38000,Diesel,501000
40, Renault Duster 85,Renault,2013,27000,Diesel,489999
41, Honda City 1.5,Honda,2011,33000,Petrol,280000
42, Maruti Suzuki Alto,Maruti,2015,60000,Petrol,250000
43, Maruti Suzuki Dzire,Maruti,2013,46000,Diesel,349999
44, Honda Amaze,Honda,2013,46000,Diesel,284999
45, Honda Amaze 1.5,Honda,2015,36000,Diesel,345000
46, Honda City,Honda,2015,55000,Petrol,499999
47, Datsun Redi GO,Datsun,2017,16000,Petrol,235000
48, Maruti Suzuki SX4,Maruti,2010,36000,Petrol,249999
49, Mitsubishi Pajero Sport,Mitsubishi,2015,47000,Diesel,1475000
50, Mahindra Bolero DI,Mahindra,2017,23452,Diesel,180000
51, Maruti Suzuki Swift,Maruti,2014,35522,Diesel,385000
52, Mahindra Scorpio S10,Mahindra,2015,48508,Diesel,250000
53, Maruti Suzuki Swift,Maruti,2017,15487,Petrol,180000
54, Maruti Suzuki Wagon,Maruti,2013,39000,Petrol,105000
55, Maruti Suzuki Wagon,Maruti,2013,39000,Petrol,105000
56, Mahindra Scorpio S10,Mahindra,2015,35000,Diesel,395000
57, Maruti Suzuki Swift,Maruti,2017,30874,Petrol,220000
58, Honda City ZX,Honda,2017,15000,Diesel,170000
59, Maruti Suzuki Wagon,Maruti,2013,29685,Petrol,85000
60, Ford Figo,Ford,2012,41000,Diesel,175000
61, Hyundai Eon,Hyundai,2013,25000,Petrol,190000
62, Tata Indigo eCS,Tata,2017,130000,Diesel,200000
63, Ford EcoSport Ambiente,Ford,2016,24530,Diesel,830000
64, Tata Indigo eCS,Tata,2017,130000,Diesel,200000
65, Mahindra Scorpio SLE,Mahindra,2012,19000,Diesel,570000
66, Volkswagen Polo Highline,Volkswagen,2014,60000,Petrol,315000
67, Skoda Fabia Classic,Skoda,2010,60000,Petrol,182000
68, Maruti Suzuki Stingray,Maruti,2015,30000,Petrol,315000
70, Chevrolet Spark LS,Chevrolet,2010,41000,Petrol,110000
71, Renault Duster 110PS,Renault,2012,35000,Diesel,501000
72, Honda City,Honda,2015,54000,Petrol,448999
73, Mini Cooper S,Mini,2013,13000,Petrol,1891111
74, Datsun Redi GO,Datsun,2017,16000,Petrol,235000
75, Skoda Fabia 1.2L,Skoda,2011,38200,Diesel,159500
76, Honda Amaze,Honda,2015,22000,Petrol,344999
77, Honda Amaze,Honda,2015,22000,Petrol,344999
78, Renault Duster,Renault,2014,50000,Diesel,449999
79, Mini Cooper S,Mini,2013,13500,Petrol,1891111
80, Mahindra Scorpio S4,Mahindra,2015,30000,Diesel,865000
81, Mahindra Scorpio VLX,Mahindra,2014,50000,Diesel,699000
82, Mahindra Quanto C8,Mahindra,2013,20000,Diesel,375000
83, Ford EcoSport,Ford,2017,39000,Petrol,489999
84, Honda Brio,Honda,2012,30000,Petrol,224999
86, Volkswagen Vento Highline,Volkswagen,2019,3600,Diesel,1200000
87, Hyundai i20 Magna,Hyundai,2009,32000,Petrol,195000
88, Toyota Corolla Altis,Toyota,2010,38000,Diesel,351000
89, Hyundai Verna Transform,Hyundai,2008,45000,Petrol,160000
90, Toyota Corolla Altis,Toyota,2009,35000,Petrol,240000
91, Honda City 1.5,Honda,2005,50000,Petrol,90000
92, Hyundai Elite i20,Hyundai,2014,32000,Petrol,415000
93, Skoda Fabia 1.2L,Skoda,2011,45863,Diesel,155000
94, BMW 3 Series,BMW,2011,60500,Petrol,600000
95, Maruti Suzuki A,Maruti,2011,12500,Petrol,189500
96, Toyota Etios GD,Toyota,2013,60000,Diesel,350000
97, Ford Figo Diesel,Ford,2012,35000,Diesel,210000
98, Maruti Suzuki Swift,Maruti,2014,35000,Petrol,390000
99, Chevrolet Beat LT,Chevrolet,2012,45000,Diesel,135000
100, BMW 7 Series,BMW,2009,35000,Petrol,1600000
101, Mahindra XUV500 W8,Mahindra,2013,38000,Diesel,701000
102, Hyundai i10 Magna,Hyundai,2014,18000,Petrol,265000
103, Hyundai Verna Fluidic,Hyundai,2015,35000,Diesel,525000
104, Maruti Suzuki Swift,Maruti,2013,13349,Petrol,372000
105, Maruti Suzuki Ertiga,Maruti,2016,29000,Petrol,635000
106, Ford EcoSport Titanium,Ford,2014,44000,Diesel,550000
107, Maruti Suzuki Ertiga,Maruti,2016,29000,Petrol,575000
108, Maruti Suzuki Ertiga,Maruti,2013,42000,Diesel,485000
109, Maruti Suzuki Alto,Maruti,2012,14000,Petrol,155000
110, Hyundai Grand i10,Hyundai,2014,49000,Diesel,345000
111, Honda Amaze 1.2,Honda,2014,42000,Petrol,325000
112, Hyundai i20 Asta,Hyundai,2012,36200,Diesel,329500
113, Ford Figo Diesel,Ford,2014,50000,Diesel,195000
114, Maruti Suzuki Eeco,Maruti,2015,55000,Petrol,251111
115, Maruti Suzuki Ertiga,Maruti,2014,45000,Petrol,569999
116, Maruti Suzuki Esteem,Maruti,2007,51000,Petrol,69999
117, Maruti Suzuki Ritz,Maruti,2014,19000,Petrol,299999
118, Maruti Suzuki Dzire,Maruti,2009,46000,Petrol,220000
119, Maruti Suzuki Ritz,Maruti,2013,33000,Diesel,399999
120, Maruti Suzuki Swift,Maruti,2013,13349,Petrol,372000
121, Maruti Suzuki Dzire,Maruti,2015,104000,Diesel,450000
122, Toyota Etios Liva,Toyota,2014,55000,Petrol,270000
123, Hyundai i20 Sportz,Hyundai,2011,33333,Diesel,350000
124, Chevrolet Spark,Chevrolet,2012,33600,Petrol,158400
125, Maruti Suzuki Alto,Maruti,2017,5600,Petrol,350000
126, Nissan Micra XV,Nissan,2011,41000,Petrol,179000
127, Maruti Suzuki Swift,Maruti,2007,70000,Petrol,125000
128, Maruti Suzuki Alto,Maruti,2018,7500,Petrol,200000
129, Honda Amaze 1.5,Honda,2013,45000,Diesel,299000
130, Maruti Suzuki Alto,Maruti,2015,38000,Petrol,220000
131, Chevrolet Beat,Chevrolet,2015,30000,Petrol,150000
133, Honda City 1.5,Honda,2010,35000,Petrol,285000
134, Ford EcoSport Trend,Ford,2016,24330,Diesel,830000
135, Hyundai i20 Asta,Hyundai,2009,65480,Petrol,210000
136, Maruti Suzuki Swift,Maruti,2013,41000,Petrol,340000
137, Tata Indica V2,Tata,2006,20000,Petrol,90000
139, Hindustan Motors Ambassador,Hindustan,2000,200000,Diesel,70000
140, Toyota Corolla Altis,Toyota,2010,70000,Petrol,289999
141, Toyota Corolla Altis,Toyota,2012,59000,Petrol,349999
142, Toyota Innova 2.5,Toyota,2012,99000,Diesel,849999
143, Volkswagen Jetta Highline,Volkswagen,2014,46000,Diesel,749999
144, Volkswagen Polo Comfortline,Volkswagen,2015,2800,Petrol,399999
145, Volkswagen Polo,Volkswagen,2014,32000,Petrol,274999
146, Mahindra Scorpio,Mahindra,2015,22000,Diesel,984999
147, Renault Duster,Renault,2014,50000,Diesel,449999
148, Honda Amaze,Honda,2015,22000,Petrol,344999
149, Nissan Sunny,Nissan,2012,45000,Petrol,224999
150, Hyundai Elite i20,Hyundai,2018,21000,Petrol,599999
151, Renault Kwid,Renault,2016,11000,Petrol,244999
152, Renault Duster,Renault,2013,41000,Diesel,399999
153, Ford EcoSport,Ford,2017,39000,Petrol,489999
154, Renault Duster,Renault,2014,50000,Diesel,474999
155, Mahindra Scorpio VLX,Mahindra,2011,66000,Diesel,499999
156, Maruti Suzuki Alto,Maruti,2018,3000,Petrol,310000
157, Chevrolet Spark LT,Chevrolet,2010,45000,Petrol,85000
158, Datsun Redi GO,Datsun,2016,7000,Petrol,245000
159, Maruti Suzuki Swift,Maruti,2010,38500,Diesel,189500
160, Fiat Punto Emotion,Fiat,2012,37200,Diesel,169500
161, Maruti Suzuki Swift,Maruti,2010,43200,Diesel,159500
162, Toyota Etios GD,Toyota,2013,24800,Petrol,275000
163, Hyundai i20 Sportz,Hyundai,2014,60000,Diesel,370000
164, Hyundai i10 Sportz,Hyundai,2010,45872,Petrol,168000
165, Chevrolet Beat LT,Chevrolet,2011,40000,Diesel,150000
166, Chevrolet Beat LS,Chevrolet,2011,45000,Diesel,145000
167, Chevrolet Beat LT,Chevrolet,2012,38000,Diesel,98500
168, Mahindra Scorpio VLX,Mahindra,2014,50000,Diesel,699000
169, Tata Indigo CS,Tata,2011,11400,Diesel,85000
170, Toyota Corolla Altis,Toyota,2015,42000,Petrol,575000
171, Honda City 1.5,Honda,2014,39000,Petrol,549000
172, Maruti Suzuki Swift,Maruti,2011,47000,Diesel,209000
173, Hyundai Eon Era,Hyundai,2013,27000,Petrol,185000
174, Mahindra Scorpio S10,Mahindra,2015,97200,Diesel,900000
175, Mahindra XUV500,Mahindra,2014,52000,Diesel,699999
176, Honda Brio,Honda,2012,30000,Petrol,224999
177, Ford Fiesta,Ford,2011,55000,Diesel,274999
178, Honda Amaze,Honda,2013,46000,Diesel,284999
179, Honda City,Honda,2015,30000,Diesel,599999
180, Maruti Suzuki Wagon,Maruti,2012,44000,Petrol,199999
181, Honda City,Honda,2014,45000,Diesel,544999
182, Hyundai i20,Hyundai,2009,31000,Petrol,199000
183, Tata Indigo eCS,Tata,2016,175430,Diesel,320000
184, Hyundai Fluidic Verna,Hyundai,2015,38000,Diesel,540000
186, Mahindra Quanto C8,Mahindra,2013,37000,Diesel,340000
187, Fiat Petra ELX,Fiat,2008,65000,Petrol,75000
188, Skoda Fabia 1.2L,Skoda,2011,38200,Diesel,159500
189, Mini Cooper S,Mini,2013,13000,Petrol,1891111
190, Hyundai Santro Xing,Hyundai,2005,7500,Petrol,49000
191, Maruti Suzuki Ciaz,Maruti,2016,3350,Petrol,700000
192, Maruti Suzuki Zen,Maruti,2000,60000,Petrol,55000
193, Honda City,Honda,2015,54000,Petrol,448999
194, Hyundai Creta 1.6,Hyundai,2017,32000,Petrol,895000
196, Mahindra Scorpio SLX,Mahindra,2007,75000,Diesel,355000
197, Mahindra Scorpio SLE,Mahindra,2012,62000,Diesel,565000
198, Toyota Innova 2.5,Toyota,2006,73000,Diesel,365000
199, Maruti Suzuki Alto,Maruti,2011,41000,Petrol,145000
200, Maruti Suzuki Wagon,Maruti,2011,35000,Petrol,210000
201, Tata Nano Cx,Tata,2013,2200,Petrol,40000
202, Maruti Suzuki Alto,Maruti,2013,39000,Petrol,125000
203, Maruti Suzuki Wagon,Maruti,2009,45000,Petrol,135000
204, Maruti Suzuki Swift,Maruti,2006,45000,Petrol,135000
205, Tata Sumo Victa,Tata,2012,65000,Diesel,285000
207, Maruti Suzuki Wagon,Maruti,2010,54870,Petrol,145000
208, Maruti Suzuki Alto,Maruti,2010,34580,Petrol,135000
209, Volkswagen Passat Diesel,Volkswagen,2009,97000,Diesel,450000
210, Renault Scala RxL,Renault,2015,25000,Diesel,375000
211, Mahindra Quanto C8,Mahindra,2013,20000,Diesel,375000
212, Hyundai Grand i10,Hyundai,2014,20000,Petrol,365000
213, Hyundai i20 Active,Hyundai,2015,18000,Petrol,500000
214, Mahindra Xylo E4,Mahindra,2012,35000,Diesel,400000
215, Mahindra Jeep MM,Mahindra,2019,60,Diesel,390000
216, Renault Duster 110PS,Renault,2012,35000,Diesel,501000
217, Mahindra Bolero SLE,Mahindra,2013,80200,Diesel,330000
218, Force Motors Force,Force,2015,3200,Diesel,580000
219, Maruti Suzuki SX4,Maruti,2012,46000,Diesel,265000
220, Mahindra Jeep CL550,Mahindra,2019,0,Diesel,379000
221, Maruti Suzuki Alto,Maruti,2015,5000,Petrol,219000
222, Mahindra Jeep CL550,Mahindra,2018,588,Diesel,385000
223, Toyota Etios,Toyota,2011,36000,Diesel,275000
224, Volkswagen Polo,Volkswagen,2015,38000,Diesel,330000
225, Honda City ZX,Honda,2008,45000,Petrol,110000
226, Maruti Suzuki Wagon,Maruti,2006,71200,Petrol,80000
227, Honda City VX,Honda,2016,52000,Diesel,519000
228, Mahindra Thar CRDe,Mahindra,2016,29000,Diesel,730000
229, Mitsubishi Pajero Sport,Mitsubishi,2015,47000,Diesel,1475000
230, Audi A4 1.8,Audi,2009,47000,Petrol,699000
231, Mercedes Benz GLA,Mercedes,2015,20000,Diesel,2000000
232, Land Rover Freelander,Land,2015,30000,Diesel,2100000
233, Renault Kwid RXT,Renault,2017,5000,Petrol,340000
234, Tata Aria Pleasure,Tata,2014,35000,Diesel,390000
235, Mercedes Benz B,Mercedes,2014,31000,Petrol,1400000
236, Datsun GO T,Datsun,2016,7000,Petrol,245000
237, Tata Indigo eCS,Tata,2016,175430,Diesel,320000
238, Tata Indigo eCS,Tata,2016,175400,Diesel,320000
239, Honda Jazz VX,Honda,2016,41000,Petrol,450000
240, Honda Amaze 1.2,Honda,2014,33000,Petrol,311000
241, Honda Amaze,Honda,2013,46000,Diesel,284999
242, Honda City,Honda,2012,45000,Petrol,399999
243, Honda City,Honda,2015,39000,Diesel,599999
244, Honda Amaze,Honda,2015,22000,Petrol,344999
245, Audi A4 1.8,Audi,2009,47000,Petrol,699000
246, Force Motors Force,Force,2015,3200,Diesel,580000
247, Mahindra Scorpio S4,Mahindra,2015,30000,Diesel,855000
248, Hyundai i20 Active,Hyundai,2015,37000,Diesel,535000
249, Mini Cooper S,Mini,2013,13000,Petrol,1891111
250, Maruti Suzuki Ciaz,Maruti,2017,14000,Petrol,699000
251, Chevrolet Tavera Neo,Chevrolet,2013,55000,Diesel,375000
252, Honda Amaze,Honda,2013,46000,Diesel,284999
253, Hyundai Eon Sportz,Hyundai,2012,30000,Petrol,178000
254, Tata Sumo Gold,Tata,2013,50000,Diesel,300000
255, Maruti Suzuki Wagon,Maruti,2003,45000,Petrol,90000
256, Maruti Suzuki Esteem,Maruti,2006,45000,Petrol,95000
257, Maruti Suzuki Eeco,Maruti,2015,9300,Petrol,255000
258, Chevrolet Enjoy 1.4,Chevrolet,2013,55000,Diesel,245000
259, Hyundai i20 Asta,Hyundai,2012,36200,Diesel,329500
260, Ford Figo Diesel,Ford,2014,50000,Diesel,195000
261, Maruti Suzuki Eeco,Maruti,2015,55000,Petrol,251111
262, Maruti Suzuki Ertiga,Maruti,2014,45000,Petrol,569999
263, Maruti Suzuki Esteem,Maruti,2007,51000,Petrol,69999
264, Maruti Suzuki Ritz,Maruti,2014,19000,Petrol,299999
265, Maruti Suzuki Dzire,Maruti,2009,46000,Petrol,220000
266, Maruti Suzuki Ritz,Maruti,2013,33000,Diesel,399999
267, Maruti Suzuki SX4,Maruti,2010,36000,Petrol,249999
268, Maruti Suzuki Wagon,Maruti,2015,22000,Petrol,289999
269, Mini Cooper S,Mini,2013,13500,Petrol,1891111
270, Nissan Terrano XL,Nissan,2015,60000,Diesel,499999
271, Renault Duster 85,Renault,2013,27000,Diesel,489999
272, Renault Duster 85,Renault,2014,59000,Diesel,489999
273, Renault Duster 85,Renault,2015,19000,Diesel,549999
274, Maruti Suzuki Dzire,Maruti,2013,30000,Petrol,380000
275, Renault Kwid RXT,Renault,2018,15000,Petrol,325000
276, Maruti Suzuki Maruti,Maruti,2003,56758,Petrol,57000
277, Renault Kwid 1.0,Renault,2018,10000,Petrol,349999
278, Renault Lodgy 85,Renault,2018,20000,Diesel,689999
279, Renault Scala RxL,Renault,2014,49000,Diesel,349999
280, Hyundai Grand i10,Hyundai,2014,41000,Petrol,410000
281, Maruti Suzuki Swift,Maruti,2011,45000,Petrol,225000
282, Chevrolet Beat LS,Chevrolet,2010,43000,Petrol,120000
283, Tata Indigo eCS,Tata,2016,175430,Diesel,320000
284, Hyundai Santro Xing,Hyundai,2000,56450,Petrol,59000
285, Hyundai Fluidic Verna,Hyundai,2015,38000,Diesel,540000
287, Chevrolet Beat LS,Chevrolet,2010,56000,Petrol,80000
288, Mahindra Quanto C8,Mahindra,2013,37000,Diesel,340000
289, Fiat Petra ELX,Fiat,2008,65000,Petrol,75000
290, Chevrolet Beat LS,Chevrolet,2015,32700,Petrol,220000
291, Skoda Fabia 1.2L,Skoda,2011,38200,Diesel,159500
292, Ford EcoSport Titanium,Ford,2016,30000,Diesel,599000
293, Hyundai Accent GLX,Hyundai,2006,56000,Petrol,80000
296, Mahindra TUV300 T4,Mahindra,2016,9000,Diesel,675000
297, Mini Cooper S,Mini,2013,13000,Petrol,1891111
298, Mini Cooper S,Mini,2013,13000,Petrol,1891111
299, Tata Indica V2,Tata,2008,11000,Petrol,150000
300, Mini Cooper S,Mini,2013,13000,Petrol,1891111
301, Tata Indigo CS,Tata,2009,46000,Diesel,72500
302, Maruti Suzuki Swift,Maruti,2019,73,Petrol,610000
303, Mahindra Scorpio VLX,Mahindra,2004,160000,Diesel,230000
305, Honda Accord,Honda,2009,58559,Petrol,175000
306, Mahindra Scorpio S4,Mahindra,2015,30000,Diesel,855000
307, Chevrolet Tavera Neo,Chevrolet,2013,55000,Diesel,375000
308, Ford EcoSport Titanium,Ford,2014,57000,Diesel,520000
309, Maruti Suzuki Ertiga,Maruti,2015,50000,Diesel,524999
310, Honda Amaze,Honda,2014,37000,Petrol,299999
311, Maruti Suzuki Dzire,Maruti,2012,40000,Petrol,299999
312, Honda City,Honda,2011,55000,Petrol,284999
313, Mahindra Scorpio 2.6,Mahindra,2007,170000,Diesel,220000
314, Maruti Suzuki Dzire,Maruti,2014,55000,Diesel,424999
315, Honda City,Honda,2015,39000,Petrol,644999
316, Honda Mobilio,Honda,2014,44000,Petrol,399999
317, Toyota Corolla Altis,Toyota,2009,65000,Petrol,199999
318, Honda City,Honda,2014,39000,Petrol,584999
319, Skoda Laura,Skoda,2012,44000,Diesel,349999
320, Renault Duster,Renault,2015,49000,Diesel,449999
321, Maruti Suzuki Ertiga,Maruti,2018,9000,Diesel,799999
322, Maruti Suzuki Dzire,Maruti,2015,45000,Diesel,444999
323, Mahindra XUV500,Mahindra,2014,47000,Diesel,649999
324, Hyundai Verna Fluidic,Hyundai,2012,40000,Diesel,444999
325, Maruti Suzuki Vitara,Maruti,2016,29000,Diesel,689999
326, Maruti Suzuki Wagon,Maruti,2016,15000,Petrol,344999
327, Mahindra Scorpio,Mahindra,2015,45000,Diesel,944999
328, Honda Amaze,Honda,2014,35000,Petrol,274999
329, Mahindra XUV500,Mahindra,2013,80000,Diesel,689999
330, Mahindra Scorpio,Mahindra,2013,68000,Diesel,574999
331, Skoda Laura,Skoda,2013,50000,Diesel,374999
332, Volkswagen Polo,Volkswagen,2010,60000,Diesel,199999
333, Hyundai Elite i20,Hyundai,2016,9000,Petrol,549999
334, Tata Manza Aura,Tata,2012,72000,Diesel,130000
335, Chevrolet Sail UVA,Chevrolet,2013,60000,Petrol,210000
336, Renault Duster 110,Renault,2012,38000,Diesel,501000
337, Hyundai Verna Fluidic,Hyundai,2013,45000,Diesel,401000
338, Audi A4 2.0,Audi,2012,40000,Diesel,1350000
339, Hyundai Elantra SX,Hyundai,2013,20000,Petrol,600000
340, Mahindra Scorpio VLX,Mahindra,2013,35000,Diesel,610000
341, Mahindra KUV100 K8,Mahindra,2016,20000,Diesel,400000
342, Renault Scala RxL,Renault,2015,25000,Diesel,375000
343, Mahindra Quanto C8,Mahindra,2013,20000,Diesel,375000
344, Hyundai Grand i10,Hyundai,2014,20000,Petrol,365000
345, Hyundai i20 Active,Hyundai,2015,18000,Petrol,500000
346, Mahindra Xylo E4,Mahindra,2012,35000,Diesel,400000
347, Hyundai Grand i10,Hyundai,2017,6821,Petrol,524999
348, Hyundai i20,Hyundai,2014,23000,Petrol,449999
349, Hyundai Eon,Hyundai,2014,14000,Petrol,174999
350, Hyundai i10,Hyundai,2012,38000,Petrol,244999
351, Hyundai i20 Active,Hyundai,2015,35000,Diesel,574999
352, Datsun Redi GO,Datsun,2017,22000,Petrol,244999
353, Toyota Etios Liva,Toyota,2011,41000,Petrol,239999
354, Hyundai Accent,Hyundai,2010,45000,Petrol,99999
355, Hyundai Verna,Hyundai,2014,44000,Diesel,489999
356, Maruti Suzuki Swift,Maruti,2013,45000,Diesel,324999
357, Toyota Fortuner,Toyota,2011,52000,Diesel,1074999
358, Hyundai i10 Sportz,Hyundai,2012,34000,Petrol,230000
359, Mahindra Bolero Power,Mahindra,2018,1800,Diesel,699000
361, Mahindra XUV500,Mahindra,2015,15000,Diesel,1000000
362, Honda City 1.5,Honda,2010,400000,Petrol,240000
363, Chevrolet Spark LT,Chevrolet,2009,44000,Petrol,110000
364, Mahindra Jeep MM,Mahindra,2019,60,Diesel,390000
365, Renault Duster 110PS,Renault,2012,35000,Diesel,501000
366, Mahindra XUV500,Mahindra,2016,72000,Diesel,1130000
367, Tata Indigo eCS,Tata,2014,40000,Diesel,250000
369, Mahindra Bolero SLE,Mahindra,2013,80200,Diesel,330000
370, Force Motors Force,Force,2015,3200,Diesel,580000
371, Skoda Rapid Elegance,Skoda,2013,48000,Diesel,340000
372, Tata Vista Quadrajet,Tata,2011,90000,Diesel,120000
373, Maruti Suzuki Alto,Maruti,2015,12000,Petrol,265000
374, Maruti Suzuki SX4,Maruti,2012,46000,Diesel,265000
375, Maruti Suzuki Zen,Maruti,2003,69900,Petrol,85000
376, Mahindra Jeep CL550,Mahindra,2019,0,Diesel,379000
377, Hyundai i10 Magna,Hyundai,2011,45000,Petrol,175000
378, Maruti Suzuki Alto,Maruti,2015,5000,Petrol,219000
379, Maruti Suzuki Swift,Maruti,2016,166000,Diesel,350000
380, Honda City ZX,Honda,2008,42000,Petrol,149000
381, Mahindra Jeep CL550,Mahindra,2018,588,Diesel,385000
382, Mahindra Jeep MM,Mahindra,2006,122,Diesel,425000
383, Chevrolet Beat Diesel,Chevrolet,2017,62000,Diesel,150000
384, Honda City 1.5,Honda,2010,70000,Petrol,225000
386, Hyundai Verna 1.4,Hyundai,2014,36000,Petrol,375000
387, Toyota Innova 2.5,Toyota,2012,0,Diesel,770000
389, Maruti Suzuki Maruti,Maruti,1995,55000,Petrol,30000
390, Toyota Etios,Toyota,2011,36000,Diesel,275000
391, Volkswagen Polo,Volkswagen,2015,38000,Diesel,330000
392, Maruti Suzuki Swift,Maruti,2014,55000,Diesel,335000
393, Hyundai Elite i20,Hyundai,2015,20000,Diesel,450000
394, Maruti Suzuki Swift,Maruti,2012,40000,Petrol,225000
396, Maruti Suzuki Versa,Maruti,2004,50000,Petrol,80000
397, Tata Indigo LX,Tata,2016,104000,Diesel,130000
398, Volkswagen Vento Konekt,Volkswagen,2011,65000,Diesel,245000
399, Mercedes Benz C,Mercedes,2002,41000,Petrol,399000
400, Maruti Suzuki Ertiga,Maruti,2013,90000,Diesel,450000
402, Honda City,Honda,2000,80000,Petrol,65000
403, Hyundai Santro Xing,Hyundai,2006,46000,Petrol,75000
404, Maruti Suzuki Omni,Maruti,2001,70000,Petrol,70000
405, Hyundai Sonata Transform,Hyundai,2017,36469,Diesel,190000
406, Hyundai Elite i20,Hyundai,2018,7800,Petrol,600000
407, Volkswagen Vento Konekt,Volkswagen,2011,65000,Diesel,245000
408, Maruti Suzuki Alto,Maruti,2017,60000,Petrol,240000
409, Maruti Suzuki Alto,Maruti,2011,32000,Petrol,155000
410, Honda Jazz S,Honda,2009,24695,Petrol,169999
411, Hyundai Grand i10,Hyundai,2017,15141,Petrol,450000
412, Maruti Suzuki Zen,Maruti,2001,40000,Petrol,40000
413, Mahindra Scorpio W,Mahindra,2012,65000,Diesel,165000
415, Maruti Suzuki Alto,Maruti,2014,22000,Petrol,270000
416, Hyundai Grand i10,Hyundai,2016,59910,Diesel,280000
417, Mahindra XUV500 W8,Mahindra,2012,100000,Diesel,560000
418, Hyundai Creta 1.6,Hyundai,2016,25000,Petrol,950000
419, Hyundai i20 Magna,Hyundai,2013,35000,Petrol,310000
420, Renault Duster 85,Renault,2015,65000,Diesel,715000
421, Hyundai Grand i10,Hyundai,2014,35000,Petrol,340000
422, Honda Brio V,Honda,2012,33000,Petrol,235000
423, Mahindra TUV300 T4,Mahindra,2017,68000,Diesel,610000
424, Chevrolet Spark LS,Chevrolet,2010,23000,Petrol,95000
425, Mahindra TUV300 T8,Mahindra,2018,4500,Diesel,1000000
426, Maruti Suzuki Swift,Maruti,2015,129000,Diesel,220000
427, Nissan X Trail,Nissan,2019,300,Diesel,1200000
428, Maruti Suzuki Alto,Maruti,2015,5000,Petrol,230000
429, Ford Ikon 1.3,Ford,2001,65000,Petrol,45000
430, Toyota Fortuner 3.0,Toyota,2010,131000,Diesel,940000
431, Tata Manza ELAN,Tata,2010,111111,Petrol,155555
434, Mercedes Benz A,Mercedes,2013,14000,Petrol,1500000
435, Chevrolet Beat LS,Chevrolet,2016,22000,Diesel,210000
436, Ford EcoSport Trend,Ford,2013,38000,Diesel,495000
437, Tata Indigo LS,Tata,2016,70000,Diesel,125000
438, Hyundai i20 Magna,Hyundai,2010,36000,Petrol,195000
439, Volkswagen Vento Highline,Volkswagen,2015,34000,Diesel,550000
440, Renault Kwid RXT,Renault,2015,43000,Petrol,270000
442, Ford EcoSport Titanium,Ford,2014,40000,Diesel,500000
443, Honda Amaze 1.5,Honda,2016,160000,Diesel,240000
444, Hyundai Verna 1.6,Hyundai,2017,12000,Petrol,800000
445, BMW 5 Series,BMW,2011,49000,Diesel,1299000
446, Skoda Superb 1.8,Skoda,2011,68000,Petrol,530000
447, Audi Q3 2.0,Audi,2013,37000,Diesel,1499000
448, Mahindra Bolero DI,Mahindra,2012,59466,Diesel,220000
450, Mahindra Scorpio S10,Mahindra,2015,97200,Diesel,900000
451, Ford Figo Duratorq,Ford,2012,99000,Diesel,250000
452, Maruti Suzuki Wagon,Maruti,2018,25500,Petrol,395000
453, Mahindra Logan Diesel,Mahindra,2009,66000,Petrol,130000
454, Tata Nano GenX,Tata,2010,44005,Petrol,32000
455, Mahindra TUV300 T4,Mahindra,2016,35000,Diesel,540000
456, Mahindra TUV300 T4,Mahindra,2016,35000,Diesel,540000
457, Hyundai Elite i20,Hyundai,2015,28000,Petrol,405000
458, Hyundai Elite i20,Hyundai,2015,30000,Petrol,400000
459, Honda City SV,Honda,2017,4000,Petrol,760000
460, Maruti Suzuki Baleno,Maruti,2016,28000,Petrol,500000
461, Ford Figo Petrol,Ford,2011,75000,Petrol,175000
462, Mahindra Scorpio S10,Mahindra,2015,97200,Diesel,900000
463, Honda City,Honda,2017,3000,Petrol,750000
464, Hyundai Elite i20,Hyundai,2015,20000,Petrol,419000
465, Maruti Suzuki Versa,Maruti,2004,50000,Petrol,90000
466, Hyundai Eon Era,Hyundai,2018,2110,Petrol,140000
467, Mitsubishi Pajero Sport,Mitsubishi,2015,43222,Petrol,1540000
468, Hyundai i10 Magna,Hyundai,2008,100200,Petrol,275000
469, Toyota Corolla H2,Toyota,2003,100000,Petrol,150000
470, Maruti Suzuki Swift,Maruti,2011,65,Petrol,230000
471, Tata Indigo CS,Tata,2015,100000,Diesel,123000
472, Mahindra Scorpio S10,Mahindra,2015,97200,Diesel,900000
473, Mahindra Scorpio S10,Mahindra,2015,97200,Diesel,900000
474, Hyundai Xcent Base,Hyundai,2016,140000,Diesel,300000
475, Honda City,Honda,2015,55000,Petrol,499999
476, Hyundai Accent Executive,Hyundai,2009,48000,Petrol,165000
477, Maruti Suzuki Baleno,Maruti,2016,22000,Petrol,498000
478, Tata Zest XE,Tata,2018,103553,Diesel,480000
479, Maruti Suzuki Dzire,Maruti,2017,80000,Diesel,488000
480, Tata Sumo Gold,Tata,2014,99000,Diesel,250000
481, Toyota Corolla Altis,Toyota,2010,58000,Petrol,220000
482, Maruti Suzuki Eeco,Maruti,2013,70000,LPG,290000
483, Toyota Fortuner 3.0,Toyota,2015,120000,Diesel,1525000
484, Mahindra XUV500 W6,Mahindra,2013,49800,Diesel,548900
485, Tata Tigor Revotron,Tata,2019,100,Diesel,650000
486, Maruti Suzuki 800,Maruti,2001,81876,Petrol,55000
487, Maruti Suzuki Ertiga,Maruti,2015,75000,Petrol,550000
488, Maruti Suzuki Versa,Maruti,2004,50000,Petrol,90000
489, Honda Mobilio S,Honda,2014,44000,Diesel,399000
490, Maruti Suzuki Ertiga,Maruti,2016,55000,Diesel,730000
491, Maruti Suzuki Vitara,Maruti,2017,36000,Diesel,725000
492, Hyundai Verna 1.6,Hyundai,2016,56000,Diesel,195000
493, Maruti Suzuki Swift,Maruti,2007,62000,Petrol,130000
494, Toyota Fortuner 3.0,Toyota,2015,120000,Diesel,1525000
495, Maruti Suzuki Omni,Maruti,2014,6020,Petrol,190000
496, Honda Amaze,Honda,2013,55700,Diesel,250000
497, Tata Indica,Tata,2005,42000,Petrol,80000
498, Hyundai Santro Xing,Hyundai,2003,50000,Petrol,120000
499, Maruti Suzuki Zen,Maruti,2010,35000,Petrol,149000
500, Maruti Suzuki Wagon,Maruti,2014,18500,Petrol,250000
501, Maruti Suzuki Wagon,Maruti,2007,7000,Petrol,120000
502, Honda Brio VX,Honda,2017,11000,Petrol,450000
504, Maruti Suzuki Zen,Maruti,2003,53000,Petrol,99999
505, Maruti Suzuki Zen,Maruti,2008,23000,Petrol,135000
506, Maruti Suzuki Wagon,Maruti,2016,35500,Diesel,225000
507, Maruti Suzuki Alto,Maruti,2010,22134,Petrol,99000
508, Renault Kwid RXT,Renault,2019,1000,Petrol,370000
509, Tata Nano Lx,Tata,2010,9000,Petrol,52000
510, Jaguar XE XE,Jaguar,2016,8500,Petrol,2800000
512, Hyundai Eon Magna,Hyundai,2014,35000,Petrol,190000
513, Honda City 1.5,Honda,2014,22000,Petrol,499000
514, Hindustan Motors Ambassador,Hindustan,2002,25000,Diesel,90000
515, Maruti Suzuki Ritz,Maruti,2010,40000,Petrol,149000
516, Hyundai Grand i10,Hyundai,2017,20000,Petrol,400000
517, Hyundai Eon D,Hyundai,2016,87000,Petrol,120000
518, Maruti Suzuki Swift,Maruti,2015,55000,Petrol,250000
519, Maruti Suzuki Wagon,Maruti,2017,23000,Petrol,375000
520, Honda Amaze 1.2,Honda,2014,6000,Petrol,381000
521, Maruti Suzuki Estilo,Maruti,2013,65000,Petrol,180000
522, Maruti Suzuki Vitara,Maruti,2016,25000,Diesel,580000
523, Maruti Suzuki Eeco,Maruti,2015,39000,Petrol,278000
525, Hyundai Creta 1.6,Hyundai,2016,8000,Petrol,1000000
526, Mahindra Scorpio Vlx,Mahindra,2013,75000,Diesel,690000
527, Maruti Suzuki Ertiga,Maruti,2012,51000,Diesel,480000
528, Mitsubishi Lancer 1.8,Mitsubishi,2006,50000,Petrol,85000
529, Maruti Suzuki Maruti,Maruti,2001,75000,Petrol,40000
530, Maruti Suzuki Alto,Maruti,2015,55800,Petrol,90000
531, Hyundai Grand i10,Hyundai,2015,53000,Petrol,340000
532, Hyundai Eon D,Hyundai,2018,25000,Petrol,260000
533, Ford Fiesta SXi,Ford,2009,56400,Petrol,250000
534, Maruti Suzuki Ritz,Maruti,2010,72160,Diesel,180000
535, Hyundai Verna Fluidic,Hyundai,2012,10000,Diesel,350000
536, Maruti Suzuki Wagon,Maruti,2006,48000,Petrol,90001
537, Maruti Suzuki Estilo,Maruti,2007,36000,Petrol,115000
538, Audi A6 2.0,Audi,2012,11500,Diesel,1599000
539, Maruti Suzuki Wagon,Maruti,2003,133000,Petrol,130000
540, Maruti Suzuki Wagon,Maruti,2009,27000,Petrol,159000
541, Maruti Suzuki Wagon,Maruti,2009,35000,Petrol,160000
542, Maruti Suzuki Alto,Maruti,2010,55000,Petrol,110000
543, Maruti Suzuki Baleno,Maruti,2016,40000,Petrol,425000
544, Hyundai Verna 1.6,Hyundai,2019,2000,Petrol,900000
545, Maruti Suzuki Swift,Maruti,2009,45000,Petrol,150000
546, Hyundai Getz Prime,Hyundai,2009,20000,Petrol,110000
547, Hyundai Santro,Hyundai,2000,88000,Petrol,51999
548, Hyundai Getz Prime,Hyundai,2009,20000,Petrol,115000
549, Chevrolet Beat PS,Chevrolet,2012,65422,Diesel,215000
550, Ford EcoSport Trend,Ford,2017,10000,Petrol,580000
551, Maruti Suzuki Dzire,Maruti,2013,35000,Petrol,380000
552, Hyundai Fluidic Verna,Hyundai,2013,117000,Diesel,350000
553, Tata Indica V2,Tata,2005,150000,Diesel,35000
554, BMW X1 xDrive20d,BMW,2011,72000,Diesel,1150000
555, Hyundai i20 Asta,Hyundai,2010,10750,Petrol,300000
556, Honda City 1.5,Honda,2009,55000,Petrol,269000
557, Tata Nano,Tata,2013,6800,Petrol,60000
558, Chevrolet Cruze LTZ,Chevrolet,2014,41000,Diesel,400000
559, Hyundai Verna Fluidic,Hyundai,2015,73000,Diesel,430000
561, Maruti Suzuki Swift,Maruti,2011,65000,Diesel,140000
563, Mahindra XUV500 W10,Mahindra,2018,40000,Diesel,1299000
564, Maruti Suzuki Alto,Maruti,2014,37000,Petrol,199000
565, Hyundai Accent GLE,Hyundai,2006,55000,Petrol,90000
566, Force Motors One,Force,2013,140000,Diesel,550000
568, Maruti Suzuki Alto,Maruti,2019,9800,Petrol,265000
569, Chevrolet Spark 1.0,Chevrolet,2011,27000,Petrol,100000
570, Hyundai i10,Hyundai,2009,27000,Petrol,215000
571, Toyota Etios Liva,Toyota,2012,20000,Diesel,380000
572, Renault Duster 85PS,Renault,2013,57923,Diesel,401919
573, Chevrolet Enjoy,Chevrolet,2014,30201,Diesel,490000
574, Maruti Suzuki Alto,Maruti,2017,6200,Petrol,280000
575, BMW 5 Series,BMW,2009,37518,Petrol,650000
576, Toyota Etios Liva,Toyota,2014,24652,Petrol,160000
577, Mahindra Jeep MM,Mahindra,2004,383,Diesel,424000
578, Chevrolet Beat LS,Chevrolet,2016,95000,Diesel,225000
579, Chevrolet Cruze LTZ,Chevrolet,2011,35000,Diesel,350000
580, Jeep Wrangler Unlimited,Jeep,2015,3528,Diesel,950000
581, Maruti Suzuki Ertiga,Maruti,2013,52500,Diesel,485000
582, Hyundai Verna VGT,Hyundai,2010,47900,Diesel,205000
583, Maruti Suzuki Omni,Maruti,2012,14000,Petrol,160000
584, Maruti Suzuki Celerio,Maruti,2018,37000,Petrol,310000
585, Tata Zest Quadrajet,Tata,2017,90000,Diesel,180000
586, Mahindra XUV500 W6,Mahindra,2013,52800,Diesel,549900
587, Tata Indigo CS,Tata,2016,104000,Diesel,150000
588, Hyundai i10 Era,Hyundai,2011,30000,Petrol,175000
589, Tata Indigo eCS,Tata,2014,195000,Diesel,95000
590, Tata Indigo LX,Tata,2016,104000,Diesel,230000
591, Tata Indigo eCS,Tata,2016,104000,Diesel,230000
592, Tata Indigo Marina,Tata,2004,70000,Diesel,180000
594, Hyundai Xcent SX,Hyundai,2015,43000,Diesel,400000
595, Hyundai Eon Magna,Hyundai,2013,23000,Petrol,185000
596, Renault Duster 85,Renault,2015,51000,Diesel,385000
597, Maruti Suzuki Alto,Maruti,2009,62000,Petrol,90000
598, Tata Nano LX,Tata,2010,48008,Petrol,32000
600, Renault Duster 110,Renault,2013,39000,Diesel,435000
601, Maruti Suzuki Wagon,Maruti,2010,40000,Petrol,225000
602, Maruti Suzuki Swift,Maruti,2006,48247,Petrol,189700
603, Maruti Suzuki Ertiga,Maruti,2012,39000,Diesel,389700
604, Maruti Suzuki Swift,Maruti,2014,23000,Petrol,365000
605, Maruti Suzuki Alto,Maruti,2017,9400,Petrol,360000
606, Hyundai i20 Magna,Hyundai,2010,50000,Petrol,210000
607, Hyundai i10 Magna,Hyundai,2009,75000,Petrol,170000
609, Tata Zest XE,Tata,2017,70000,Diesel,380000
610, Mahindra Xylo E8,Mahindra,2009,64000,Diesel,295000
611, Toyota Corolla Altis,Toyota,2010,55000,Petrol,185000
612, Tata Manza Aqua,Tata,2014,200000,Diesel,160000
615, Renault Kwid 1.0,Renault,2018,2137,Petrol,290000
617, Tata Venture EX,Tata,2013,30000,Diesel,100000
618, Maruti Suzuki Swift,Maruti,2014,44000,Petrol,315000
620, Skoda Octavia Classic,Skoda,2006,65000,Diesel,114990
621, Maruti Suzuki Omni,Maruti,2012,160000,LPG,120000
622, Chevrolet Beat Diesel,Chevrolet,2011,56000,Diesel,125000
623, Tata Sumo Gold,Tata,2012,75000,Diesel,210000
625, Hyundai Verna 1.6,Hyundai,2018,42000,Diesel,855000
626, Tata Sumo Gold,Tata,2012,75000,Diesel,210000
627, Mahindra Scorpio 2.6,Mahindra,2007,56000,Diesel,260000
628, Maruti Suzuki Zen,Maruti,2002,10544,Petrol,95000
629, Maruti Suzuki Swift,Maruti,2011,64000,Petrol,255000
630, Mahindra Scorpio SLX,Mahindra,2008,70000,Diesel,300000
631, Hyundai Grand i10,Hyundai,2014,25000,Petrol,340000
632, Hyundai Elite i20,Hyundai,2017,15000,Petrol,550000
633, Ford Ikon 1.6,Ford,2003,50000,Petrol,60000
636, Toyota Innova 2.5,Toyota,2011,147000,Diesel,750000
637, Nissan Sunny XL,Nissan,2011,52000,Petrol,230000
638, Chevrolet Beat LT,Chevrolet,2012,90001,Diesel,130000
639, Maruti Suzuki Alto,Maruti,2017,21000,Petrol,270000
640, Maruti Suzuki Swift,Maruti,2012,48006,Diesel,280000
641, Maruti Suzuki Swift,Maruti,2012,48006,Diesel,280000
642, Maruti Suzuki Swift,Maruti,2012,48006,Diesel,280000
644, Toyota Innova 2.0,Toyota,2012,80000,Diesel,600000
646, Maruti Suzuki Swift,Maruti,2010,74000,Diesel,190000
647, Hyundai Elite i20,Hyundai,2015,22000,Petrol,500000
648, Mahindra XUV500 W10,Mahindra,2016,41000,Diesel,1065000
649, Volkswagen Polo Trendline,Volkswagen,2015,25000,Diesel,350000
650, Toyota Etios Liva,Toyota,2012,85000,Diesel,350000
651, Mahindra TUV300 T4,Mahindra,2016,29500,Diesel,540000
652, Hyundai Elite i20,Hyundai,2015,30000,Petrol,470000
653, Hyundai Santro Xing,Hyundai,2014,57000,Petrol,179000
654, Maruti Suzuki Zen,Maruti,2003,60000,Petrol,48000
655, Maruti Suzuki Ciaz,Maruti,2016,50000,Petrol,650000
656, Hyundai Eon Era,Hyundai,2013,39700,Petrol,190000
657, Hyundai Elantra 1.8,Hyundai,2012,65000,Petrol,500000
658, Maruti Suzuki Swift,Maruti,2010,67000,Diesel,270000
659, Maruti Suzuki Zen,Maruti,2008,46000,Petrol,125000
660, Hyundai Eon Era,Hyundai,2012,38000,Petrol,188000
661, Hyundai Grand i10,Hyundai,2016,27000,Petrol,380000
662, Hyundai Verna Fluidic,Hyundai,2011,43000,Diesel,365000
663, Ford EcoSport Trend,Ford,2014,47000,Petrol,465000
664, Hyundai i20 Magna,Hyundai,2011,42000,Petrol,240000
665, Chevrolet Beat Diesel,Chevrolet,2016,19336,Diesel,179999
666, Tata Indica eV2,Tata,2015,60105,Diesel,140000
667, Jaguar XF 2.2,Jaguar,2013,29000,Diesel,2190000
668, Audi Q5 2.0,Audi,2014,34000,Diesel,2390000
669, BMW 3 Series,BMW,2011,35000,Diesel,1075000
670, Maruti Suzuki Swift,Maruti,2015,22000,Petrol,475000
671, BMW X1 sDrive20d,BMW,2012,41000,Diesel,1025000
672, Maruti Suzuki S,Maruti,2016,21000,Diesel,615000
673, Maruti Suzuki Ertiga,Maruti,2013,48000,Diesel,475000
674, Maruti Suzuki Alto,Maruti,2016,38000,Petrol,270000
675, Honda City SV,Honda,2014,34000,Diesel,475000
676, Volkswagen Vento Comfortline,Volkswagen,2011,45933,Petrol,240000
677, Honda City 1.5,Honda,2005,68000,Petrol,120000
678, Audi A4 2.0,Audi,2016,44000,Diesel,1900000
679, Mahindra KUV100,Mahindra,2017,35000,Diesel,360000
680, Tata Zest XE,Tata,2018,102563,Diesel,450000
681, Mahindra XUV500 W8,Mahindra,2015,28600,Diesel,900000
682, Maruti Suzuki Swift,Maruti,2017,41800,Diesel,650000
683, Tata Sumo Gold,Tata,2014,116000,Diesel,275000
684, Maruti Suzuki Swift,Maruti,2009,59000,Petrol,210000
685, Mahindra Scorpio 2.6,Mahindra,2004,58000,Diesel,175000
686, Maruti Suzuki Omni,Maruti,2009,45000,Petrol,85000
687, Mitsubishi Pajero Sport,Mitsubishi,2015,42590,Diesel,1490000
688, Renault Duster,Renault,2014,7400,Diesel,800000
689, Volkswagen Jetta Comfortline,Volkswagen,2009,54500,Diesel,450000
690, Maruti Suzuki Ertiga,Maruti,2012,200000,Diesel,1000000
691, Audi A4 2.0,Audi,2013,27000,Diesel,1510000
692, Volvo S80 Summum,Volvo,2015,42000,Diesel,1850000
693, Toyota Corolla Altis,Toyota,2014,29000,Petrol,790000
694, Mitsubishi Pajero Sport,Mitsubishi,2015,37000,Diesel,1725000
695, Chevrolet Beat LT,Chevrolet,2012,36000,Petrol,135000
696, BMW X1,BMW,2011,34000,Diesel,1000000
697, Datsun Redi GO,Datsun,2018,7000,Petrol,299999
698, Mercedes Benz C,Mercedes,2009,76000,Diesel,1225000
699, Mahindra Scorpio SLX,Mahindra,2004,60000,Diesel,175000
700, Volkswagen Vento Comfortline,Volkswagen,2011,95000,Diesel,200000
701, Tata Indigo CS,Tata,2017,50000,Diesel,270000
702, Ford Figo Petrol,Ford,2019,0,Petrol,525000
703, Honda City ZX,Honda,2006,50000,Petrol,180000
704, Maruti Suzuki Wagon,Maruti,2008,68000,Petrol,140000
705, Ford EcoSport Trend,Ford,2014,16000,Petrol,400000
706, Maruti Suzuki Swift,Maruti,2016,51000,Diesel,499000
707, Maruti Suzuki Omni,Maruti,2009,56000,Petrol,85000
708, Maruti Suzuki Zen,Maruti,2004,100000,Petrol,70000
709, Renault Duster RxL,Renault,2015,36000,Petrol,550000
710, Maruti Suzuki Swift,Maruti,2014,11523,Petrol,370000
711, Maruti Suzuki Baleno,Maruti,2018,1000,Petrol,690000
712, Honda WR V,Honda,2009,60000,Petrol,250000
713, Tata Indigo CS,Tata,2016,85000,Diesel,110000
714, Renault Duster 110,Renault,2013,38600,Diesel,490000
715, Mahindra Scorpio LX,Mahindra,2009,95500,Diesel,320000
716, Maruti Suzuki Zen,Maruti,2004,56000,Petrol,68000
717, Maruti Suzuki Wagon,Maruti,2014,37458,Petrol,130000
718, Maruti Suzuki SX4,Maruti,2016,85960,Diesel,970000
719, Audi A3 Cabriolet,Audi,2015,12516,Petrol,3100000
720, Hyundai Eon D,Hyundai,2018,35000,Petrol,280000
721, Maruti Suzuki Zen,Maruti,2009,0,Petrol,125000
722, Mahindra Scorpio SLX,Mahindra,2008,80000,Diesel,285000
724, Hyundai Santro AE,Hyundai,2011,45000,Petrol,165000
726, Maruti Suzuki Swift,Maruti,2009,51000,Diesel,250000
727, Mahindra Scorpio S4,Mahindra,2015,30000,Diesel,865000
729, Mahindra Xylo D2,Mahindra,2011,48000,Diesel,390000
730, Hyundai Santro,Hyundai,2003,51000,Petrol,60000
731, Chevrolet Beat LT,Chevrolet,2015,90000,Diesel,215000
732, Maruti Suzuki Swift,Maruti,2015,43000,Diesel,475000
733, Mahindra XUV500 W8,Mahindra,2015,53000,Diesel,899000
734, Toyota Fortuner 3.0,Toyota,2013,97000,Diesel,1499000
735, Maruti Suzuki Alto,Maruti,2013,20000,Petrol,240000
736, Hyundai Getz GLE,Hyundai,2007,55000,Petrol,99000
737, Maruti Suzuki Swift,Maruti,2014,120000,Diesel,260000
738, Hyundai Creta 1.6,Hyundai,2019,0,Petrol,1200000
739, Hyundai Santro Xing,Hyundai,2007,46000,Petrol,115000
740, Hyundai Santro Xing,Hyundai,2009,43200,Petrol,88000
741, Mahindra Xylo D2,Mahindra,2011,56000,Diesel,390000
742, Hyundai Santro Xing,Hyundai,2007,42000,Petrol,135000
743, Tata Indica V2,Tata,2009,30600,Diesel,90000
744, Hyundai i10 Sportz,Hyundai,2011,38000,Petrol,220000
745, Hyundai Grand i10,Hyundai,2017,2550,Petrol,424999
746, Hyundai Santro Xing,Hyundai,2007,47000,Petrol,135000
747, Honda City 1.5,Honda,2005,41000,Petrol,95000
748, Nissan Micra XL,Nissan,2017,62500,Diesel,430000
749, Honda City 1.5,Honda,2005,68000,Petrol,115000
750, Maruti Suzuki Alto,Maruti,2015,50000,Petrol,215000
751, Maruti Suzuki Wagon,Maruti,2004,69000,Petrol,53000
752, Maruti Suzuki Ertiga,Maruti,2012,48000,Diesel,500000
753, Tata Indica eV2,Tata,2012,55000,Diesel,85000
754, Maruti Suzuki Omni,Maruti,2013,25000,Petrol,165000
755, Hyundai Eon Era,Hyundai,2014,28400,Petrol,200000
756, Hyundai Eon,Hyundai,2014,28000,Petrol,200000
757, Maruti Suzuki Swift,Maruti,2015,42000,Diesel,425000
759, Hyundai Verna 1.6,Hyundai,2012,29000,Diesel,600000
760, Chevrolet Tavera LS,Chevrolet,2005,68485,Diesel,130000
761, Tata Tiago Revotron,Tata,2018,3500,Petrol,430000
762, Tata Tiago Revotorq,Tata,2019,0,Petrol,568500
765, Maruti Suzuki Zen,Maruti,2006,32000,Petrol,71000
766, Mahindra KUV100 K8,Mahindra,2018,8000,Diesel,560000
767, Ford EcoSport Titanium,Ford,2014,34000,Diesel,590000
768, Hindustan Motors Ambassador,Hindustan,1995,37000,Petrol,750000
769, Ford Fusion 1.4,Ford,2007,85455,Diesel,125000
770, Hyundai Santro Xing,Hyundai,2007,46000,Petrol,135000
771, Hyundai Santro,Hyundai,2002,47000,Petrol,60000
772, Fiat Linea Emotion,Fiat,2009,64000,Petrol,120000
773, Ford Ikon 1.3,Ford,2008,46000,Petrol,95000
774, Maruti Suzuki Omni,Maruti,2017,8000,Petrol,240000
775, Tata Indica V2,Tata,2012,64000,Diesel,115000
776, Mahindra Scorpio S4,Mahindra,2015,63000,Diesel,795000
777, Hyundai Santro Xing,Hyundai,2007,65000,Petrol,55000
778, Mahindra Xylo D2,Mahindra,2009,62000,Diesel,300000
779, Hyundai Grand i10,Hyundai,2014,41000,Petrol,320000
780, Maruti Suzuki Alto,Maruti,2015,14000,Petrol,265000
781, Toyota Corolla,Toyota,2006,40000,Petrol,160000
782, Hyundai Eon Magna,Hyundai,2017,1600,Petrol,300000
783, Tata Sumo Grande,Tata,2010,90000,Diesel,130000
784, Maruti Suzuki Swift,Maruti,2011,58000,Diesel,250000
785, Volkswagen Polo Highline1.2L,Volkswagen,2013,27000,Petrol,380000
786, Maruti Suzuki Alto,Maruti,2003,60000,Petrol,42000
787, Tata Tiago Revotron,Tata,2017,31000,Petrol,400000
788, Maruti Suzuki Swift,Maruti,2009,90000,Diesel,120000
789, Maruti Suzuki Swift,Maruti,2009,90000,Diesel,120000
790, Tata Indigo eCS,Tata,2016,150000,Diesel,130000
791, Chevrolet Beat LS,Chevrolet,2014,31000,Diesel,189000
793, Mahindra Xylo E8,Mahindra,2011,43000,Diesel,365000
794, Hyundai Eon D,Hyundai,2013,20000,Petrol,170000
804, Tata Sumo Gold,Tata,2013,100000,Petrol,215000
813, Tata Nano,Tata,2013,7000,Petrol,60000
814, Hyundai Elite i20,Hyundai,2017,31000,Petrol,599999
815, Hyundai i10 Magna,Hyundai,2009,33000,Petrol,400000
816, Hyundai Creta,Hyundai,2016,60000,Diesel,900000
817, Volkswagen Polo,Volkswagen,2013,48000,Diesel,299999
818, Maruti Suzuki Dzire,Maruti,2014,33000,Petrol,374999
819, Tata Bolt XM,Tata,2015,15000,Petrol,600000
820, Maruti Suzuki Alto,Maruti,2005,47000,Petrol,70000
821, Maruti Suzuki Alto,Maruti,2005,40000,Petrol,100000
823, Maruti Suzuki Ritz,Maruti,2010,38000,Diesel,150000
824, Maruti Suzuki Alto,Maruti,2017,12500,Petrol,225000
825, Maruti Suzuki Dzire,Maruti,2009,42000,Petrol,210000
827, Hyundai i20 Asta,Hyundai,2014,31000,Petrol,425000
828, Maruti Suzuki Swift,Maruti,2008,60000,Diesel,162000
829, Tata Indica V2,Tata,2005,80000,Diesel,60000
830, Mahindra Scorpio VLX,Mahindra,2014,77000,Diesel,650000
831, Toyota Innova 2.5,Toyota,2012,75000,Diesel,750000
832, Mahindra Xylo E8,Mahindra,2010,40000,Diesel,375000
833, Hyundai i20 Magna,Hyundai,2011,47000,Petrol,230000
834, Maruti Suzuki Omni,Maruti,2000,60000,Petrol,35999
835, Mahindra KUV100,Mahindra,2016,26500,Petrol,380000
836, Mahindra KUV100 K8,Mahindra,2019,2875,Petrol,560000
837, Datsun Go Plus,Datsun,2016,13900,Petrol,285000
838, Ford Endeavor 4x4,Ford,2019,9000,Diesel,2900000
839, Tata Indica V2,Tata,2005,80000,Diesel,39999
840, Hyundai Santro Xing,Hyundai,2006,60000,Petrol,85000
841, Maruti Suzuki Wagon,Maruti,2016,20000,Petrol,395000
842, Maruti Suzuki Swift,Maruti,2008,58000,Diesel,175000
843, Maruti Suzuki Alto,Maruti,2019,1500,Petrol,400000
844, Toyota Innova 2.5,Toyota,2011,75000,Diesel,750000
846, Maruti Suzuki Alto,Maruti,2016,2450,Petrol,250000
847, Maruti Suzuki Alto,Maruti,2019,1625,Petrol,425000
849, Volkswagen Polo Highline1.2L,Volkswagen,2017,45000,Petrol,525000
850, Mahindra Logan,Mahindra,2009,65000,Diesel,130000
851, Maruti Suzuki 800,Maruti,2000,33400,Petrol,30000
852, Mahindra Scorpio,Mahindra,2011,60123,Diesel,475000
853, Chevrolet Sail 1.2,Chevrolet,2013,28000,Petrol,300000
855, Hyundai Santro AE,Hyundai,2003,70000,Petrol,60000
856, Maruti Suzuki Wagon,Maruti,2006,7000,Petrol,100000
857, Hyundai Eon,Hyundai,2018,25000,Petrol,260000
858, Tata Manza,Tata,2015,100000,Diesel,100000
860, Toyota Etios G,Toyota,2013,42000,Petrol,265000
861, Hyundai Getz Prime,Hyundai,2009,20000,Petrol,115000
862, Toyota Qualis,Toyota,2003,100000,Diesel,180000
863, Hyundai Santro Xing,Hyundai,2004,137495,Petrol,45000
864, Tata Indica eV2,Tata,2016,91200,Diesel,50500
865, Honda City 1.5,Honda,2009,55000,Petrol,270000
866, Tata Zest XE,Tata,2017,120000,Diesel,290000
867, Mahindra Quanto C4,Mahindra,2013,63000,Diesel,325000
868, Tata Indigo eCS,Tata,2016,104000,Diesel,160000
869, Maruti Suzuki Swift,Maruti,2016,146000,Diesel,350000
870, Hyundai Elite i20,Hyundai,2011,40000,Petrol,290000
871, Hyundai i20 Select,Hyundai,2011,40000,Petrol,290000
872, Chevrolet Tavera Neo,Chevrolet,2007,100800,Diesel,465000
873, Maruti Suzuki Dzire,Maruti,2016,150000,Diesel,325000
874, Hyundai Elite i20,Hyundai,2018,2100,Petrol,510000
875, Honda City VX,Honda,2016,95000,Petrol,860000
876, Maruti Suzuki Dzire,Maruti,2016,2500,Diesel,450000
877, Hyundai Getz,Hyundai,2006,80000,Petrol,125000
878, Mercedes Benz C,Mercedes,2006,15000,Petrol,500001
879, Maruti Suzuki Alto,Maruti,2005,65000,Petrol,95000
880, Maruti Suzuki Swift,Maruti,2009,51000,Diesel,250000
881, Skoda Fabia,Skoda,2009,45000,Petrol,110000
883, Maruti Suzuki Ritz,Maruti,2011,50000,Petrol,270000
885, Tata Indica V2,Tata,2009,30000,Diesel,110000
886, Toyota Corolla Altis,Toyota,2009,132000,Petrol,300000
888, Tata Zest XM,Tata,2018,27000,Diesel,260000
889, Mahindra Quanto C8,Mahindra,2013,40000,Diesel,390000
